{
    "MEGCoordinateSystem": "ElektaNeuromag",
    "MEGCoordinateUnits": "m",
    "MEGCoordinateSystemDescription": "RAS orientation and the origin between the ears",
    "HeadCoilCoordinates": {
        "NAS": [
            -7.450580596923828e-09,
            0.1007746160030365,
            0.0
        ],
        "LPA": [
            -0.07207697629928589,
            2.9802322387695312e-08,
            0.0
        ],
        "RPA": [
            0.07400067150592804,
            2.9802322387695312e-08,
            0.0
        ],
        "coil1": [
            -0.06099347025156021,
            -0.03324219584465027,
            -0.004707407206296921
        ],
        "coil2": [
            -0.049679189920425415,
            0.08805277943611145,
            0.06197469308972359
        ],
        "coil3": [
            0.01235257089138031,
            0.108318030834198,
            0.06908398121595383
        ],
        "coil4": [
            0.059168606996536255,
            0.08381840586662292,
            0.05736218020319939
        ],
        "coil5": [
            0.06793786585330963,
            -0.028179289773106575,
            -0.0026089621242135763
        ]
    },
    "HeadCoilCoordinateSystem": "ElektaNeuromag",
    "HeadCoilCoordinateUnits": "m",
    "AnatomicalLandmarkCoordinates": {
        "NAS": [
            -7.450580596923828e-09,
            0.1007746160030365,
            0.0
        ],
        "LPA": [
            -0.07207697629928589,
            2.9802322387695312e-08,
            0.0
        ],
        "RPA": [
            0.07400067150592804,
            2.9802322387695312e-08,
            0.0
        ],
        "coil1": [
            -0.06099347025156021,
            -0.03324219584465027,
            -0.004707407206296921
        ],
        "coil2": [
            -0.049679189920425415,
            0.08805277943611145,
            0.06197469308972359
        ],
        "coil3": [
            0.01235257089138031,
            0.108318030834198,
            0.06908398121595383
        ],
        "coil4": [
            0.059168606996536255,
            0.08381840586662292,
            0.05736218020319939
        ],
        "coil5": [
            0.06793786585330963,
            -0.028179289773106575,
            -0.0026089621242135763
        ]
    },
    "AnatomicalLandmarkCoordinateSystem": "ElektaNeuromag",
    "AnatomicalLandmarkCoordinateUnits": "m"
}
