{
    "MEGCoordinateSystem": "ElektaNeuromag",
    "MEGCoordinateUnits": "m",
    "MEGCoordinateSystemDescription": "RAS orientation and the origin between the ears",
    "HeadCoilCoordinates": {
        "NAS": [
            -3.725290298461914e-09,
            0.1067742109298706,
            0.0
        ],
        "LPA": [
            -0.06748858839273453,
            0.0,
            -3.725290298461914e-09
        ],
        "RPA": [
            0.0732973963022232,
            0.0,
            -5.587935447692871e-09
        ],
        "coil1": [
            -0.05942331999540329,
            -0.038542404770851135,
            0.005102983210235834
        ],
        "coil2": [
            -0.04871620982885361,
            0.08641886711120605,
            0.0585545189678669
        ],
        "coil3": [
            0.011916648596525192,
            0.11300843954086304,
            0.06100207194685936
        ],
        "coil4": [
            0.05864524841308594,
            0.07698487490415573,
            0.06694091856479645
        ],
        "coil5": [
            0.06695559620857239,
            -0.027702853083610535,
            -0.00034422901808284223
        ]
    },
    "HeadCoilCoordinateSystem": "ElektaNeuromag",
    "HeadCoilCoordinateUnits": "m",
    "AnatomicalLandmarkCoordinates": {
        "NAS": [
            -3.725290298461914e-09,
            0.1067742109298706,
            0.0
        ],
        "LPA": [
            -0.06748858839273453,
            0.0,
            -3.725290298461914e-09
        ],
        "RPA": [
            0.0732973963022232,
            0.0,
            -5.587935447692871e-09
        ],
        "coil1": [
            -0.05942331999540329,
            -0.038542404770851135,
            0.005102983210235834
        ],
        "coil2": [
            -0.04871620982885361,
            0.08641886711120605,
            0.0585545189678669
        ],
        "coil3": [
            0.011916648596525192,
            0.11300843954086304,
            0.06100207194685936
        ],
        "coil4": [
            0.05864524841308594,
            0.07698487490415573,
            0.06694091856479645
        ],
        "coil5": [
            0.06695559620857239,
            -0.027702853083610535,
            -0.00034422901808284223
        ]
    },
    "AnatomicalLandmarkCoordinateSystem": "ElektaNeuromag",
    "AnatomicalLandmarkCoordinateUnits": "m"
}
