{
    "MEGCoordinateSystem": "ElektaNeuromag",
    "MEGCoordinateUnits": "m",
    "MEGCoordinateSystemDescription": "RAS orientation and the origin between the ears",
    "HeadCoilCoordinates": {
        "NAS": [
            -1.862645149230957e-09,
            0.09381163120269775,
            -7.450580596923828e-09
        ],
        "LPA": [
            -0.064972884953022,
            0.0,
            -7.450580596923828e-09
        ],
        "RPA": [
            0.06434720754623413,
            0.0,
            -1.1175870895385742e-08
        ],
        "coil1": [
            -0.06196089833974838,
            -0.033200278878211975,
            0.0017272609984502196
        ],
        "coil2": [
            -0.04419196769595146,
            0.08433723449707031,
            0.04121017828583717
        ],
        "coil3": [
            0.002675906987860799,
            0.10735499858856201,
            0.04247724264860153
        ],
        "coil4": [
            0.05301996320486069,
            0.07574225217103958,
            0.03846733644604683
        ],
        "coil5": [
            0.062008898705244064,
            -0.030526697635650635,
            0.007661857176572084
        ]
    },
    "HeadCoilCoordinateSystem": "ElektaNeuromag",
    "HeadCoilCoordinateUnits": "m",
    "AnatomicalLandmarkCoordinates": {
        "NAS": [
            -1.862645149230957e-09,
            0.09381163120269775,
            -7.450580596923828e-09
        ],
        "LPA": [
            -0.064972884953022,
            0.0,
            -7.450580596923828e-09
        ],
        "RPA": [
            0.06434720754623413,
            0.0,
            -1.1175870895385742e-08
        ],
        "coil1": [
            -0.06196089833974838,
            -0.033200278878211975,
            0.0017272609984502196
        ],
        "coil2": [
            -0.04419196769595146,
            0.08433723449707031,
            0.04121017828583717
        ],
        "coil3": [
            0.002675906987860799,
            0.10735499858856201,
            0.04247724264860153
        ],
        "coil4": [
            0.05301996320486069,
            0.07574225217103958,
            0.03846733644604683
        ],
        "coil5": [
            0.062008898705244064,
            -0.030526697635650635,
            0.007661857176572084
        ]
    },
    "AnatomicalLandmarkCoordinateSystem": "ElektaNeuromag",
    "AnatomicalLandmarkCoordinateUnits": "m"
}
