{
    "MEGCoordinateSystem": "ElektaNeuromag",
    "MEGCoordinateUnits": "m",
    "MEGCoordinateSystemDescription": "RAS orientation and the origin between the ears",
    "HeadCoilCoordinates": {
        "NAS": [
            -7.450580596923828e-09,
            0.10117870569229126,
            0.0
        ],
        "LPA": [
            -0.07551046460866928,
            2.9802322387695312e-08,
            3.725290298461914e-09
        ],
        "RPA": [
            0.07215339690446854,
            0.0,
            0.0
        ],
        "coil1": [
            -0.06740018725395203,
            -0.027204245328903198,
            -0.00841972604393959
        ],
        "coil2": [
            -0.04761461168527603,
            0.0865175724029541,
            0.06157798692584038
        ],
        "coil3": [
            0.013053664937615395,
            0.10633683204650879,
            0.06630163639783859
        ],
        "coil4": [
            0.05556759238243103,
            0.07361644506454468,
            0.06821417063474655
        ],
        "coil5": [
            0.06619372963905334,
            -0.02537211775779724,
            -0.002173851942643523
        ]
    },
    "HeadCoilCoordinateSystem": "ElektaNeuromag",
    "HeadCoilCoordinateUnits": "m",
    "AnatomicalLandmarkCoordinates": {
        "NAS": [
            -7.450580596923828e-09,
            0.10117870569229126,
            0.0
        ],
        "LPA": [
            -0.07551046460866928,
            2.9802322387695312e-08,
            3.725290298461914e-09
        ],
        "RPA": [
            0.07215339690446854,
            0.0,
            0.0
        ],
        "coil1": [
            -0.06740018725395203,
            -0.027204245328903198,
            -0.00841972604393959
        ],
        "coil2": [
            -0.04761461168527603,
            0.0865175724029541,
            0.06157798692584038
        ],
        "coil3": [
            0.013053664937615395,
            0.10633683204650879,
            0.06630163639783859
        ],
        "coil4": [
            0.05556759238243103,
            0.07361644506454468,
            0.06821417063474655
        ],
        "coil5": [
            0.06619372963905334,
            -0.02537211775779724,
            -0.002173851942643523
        ]
    },
    "AnatomicalLandmarkCoordinateSystem": "ElektaNeuromag",
    "AnatomicalLandmarkCoordinateUnits": "m"
}
