{
    "MEGCoordinateSystem": "ElektaNeuromag",
    "MEGCoordinateUnits": "m",
    "MEGCoordinateSystemDescription": "RAS orientation and the origin between the ears",
    "HeadCoilCoordinates": {
        "NAS": [
            -7.450580596923828e-09,
            0.09518468379974365,
            0.0
        ],
        "LPA": [
            -0.0676421970129013,
            2.9802322387695312e-08,
            3.725290298461914e-09
        ],
        "RPA": [
            0.07133082300424576,
            2.9802322387695312e-08,
            1.862645149230957e-09
        ],
        "coil1": [
            -0.05428357422351837,
            -0.030601145699620247,
            -0.006466635037213564
        ],
        "coil2": [
            -0.03478526324033737,
            0.09301409125328064,
            0.0496046245098114
        ],
        "coil3": [
            0.017977021634578705,
            0.10472199320793152,
            0.05812753736972809
        ],
        "coil4": [
            0.05435986816883087,
            0.08174370974302292,
            0.04983537271618843
        ],
        "coil5": [
            0.0636882334947586,
            -0.027975499629974365,
            -0.0007012319983914495
        ]
    },
    "HeadCoilCoordinateSystem": "ElektaNeuromag",
    "HeadCoilCoordinateUnits": "m",
    "AnatomicalLandmarkCoordinates": {
        "NAS": [
            -7.450580596923828e-09,
            0.09518468379974365,
            0.0
        ],
        "LPA": [
            -0.0676421970129013,
            2.9802322387695312e-08,
            3.725290298461914e-09
        ],
        "RPA": [
            0.07133082300424576,
            2.9802322387695312e-08,
            1.862645149230957e-09
        ],
        "coil1": [
            -0.05428357422351837,
            -0.030601145699620247,
            -0.006466635037213564
        ],
        "coil2": [
            -0.03478526324033737,
            0.09301409125328064,
            0.0496046245098114
        ],
        "coil3": [
            0.017977021634578705,
            0.10472199320793152,
            0.05812753736972809
        ],
        "coil4": [
            0.05435986816883087,
            0.08174370974302292,
            0.04983537271618843
        ],
        "coil5": [
            0.0636882334947586,
            -0.027975499629974365,
            -0.0007012319983914495
        ]
    },
    "AnatomicalLandmarkCoordinateSystem": "ElektaNeuromag",
    "AnatomicalLandmarkCoordinateUnits": "m"
}
