{
    "MEGCoordinateSystem": "ElektaNeuromag",
    "MEGCoordinateUnits": "m",
    "MEGCoordinateSystemDescription": "RAS orientation and the origin between the ears",
    "HeadCoilCoordinates": {
        "NAS": [
            7.450580596923828e-09,
            0.10497254133224487,
            0.0
        ],
        "LPA": [
            -0.07061126083135605,
            -5.960464477539063e-08,
            -1.862645149230957e-09
        ],
        "RPA": [
            0.07148679345846176,
            -2.9802322387695312e-08,
            -1.862645149230957e-09
        ],
        "coil1": [
            -0.06800583750009537,
            -0.038725316524505615,
            0.00823137629777193
        ],
        "coil2": [
            -0.05372556298971176,
            0.08687883615493774,
            0.07436768710613251
        ],
        "coil3": [
            0.0036190131213515997,
            0.1202116310596466,
            0.06035739183425903
        ],
        "coil4": [
            0.056173987686634064,
            0.083563894033432,
            0.07080485671758652
        ],
        "coil5": [
            0.06986009329557419,
            -0.03012305498123169,
            0.014460459351539612
        ]
    },
    "HeadCoilCoordinateSystem": "ElektaNeuromag",
    "HeadCoilCoordinateUnits": "m",
    "AnatomicalLandmarkCoordinates": {
        "NAS": [
            7.450580596923828e-09,
            0.10497254133224487,
            0.0
        ],
        "LPA": [
            -0.07061126083135605,
            -5.960464477539063e-08,
            -1.862645149230957e-09
        ],
        "RPA": [
            0.07148679345846176,
            -2.9802322387695312e-08,
            -1.862645149230957e-09
        ],
        "coil1": [
            -0.06800583750009537,
            -0.038725316524505615,
            0.00823137629777193
        ],
        "coil2": [
            -0.05372556298971176,
            0.08687883615493774,
            0.07436768710613251
        ],
        "coil3": [
            0.0036190131213515997,
            0.1202116310596466,
            0.06035739183425903
        ],
        "coil4": [
            0.056173987686634064,
            0.083563894033432,
            0.07080485671758652
        ],
        "coil5": [
            0.06986009329557419,
            -0.03012305498123169,
            0.014460459351539612
        ]
    },
    "AnatomicalLandmarkCoordinateSystem": "ElektaNeuromag",
    "AnatomicalLandmarkCoordinateUnits": "m"
}
