{
    "MEGCoordinateSystem": "ElektaNeuromag",
    "MEGCoordinateUnits": "m",
    "MEGCoordinateSystemDescription": "RAS orientation and the origin between the ears",
    "HeadCoilCoordinates": {
        "NAS": [
            -5.587935447692871e-09,
            0.09504446387290955,
            3.725290298461914e-09
        ],
        "LPA": [
            -0.07564425468444824,
            2.9802322387695312e-08,
            1.862645149230957e-09
        ],
        "RPA": [
            0.07110465317964554,
            2.9802322387695312e-08,
            7.450580596923828e-09
        ],
        "coil1": [
            -0.07197043299674988,
            -0.039479076862335205,
            0.008130588568747044
        ],
        "coil2": [
            -0.056320447474718094,
            0.07801565527915955,
            0.06793203949928284
        ],
        "coil3": [
            0.01073517743498087,
            0.1081494688987732,
            0.06125558540225029
        ],
        "coil4": [
            0.057294052094221115,
            0.07824739813804626,
            0.0683988705277443
        ],
        "coil5": [
            0.06986980140209198,
            -0.030347496271133423,
            0.014598552137613297
        ]
    },
    "HeadCoilCoordinateSystem": "ElektaNeuromag",
    "HeadCoilCoordinateUnits": "m",
    "AnatomicalLandmarkCoordinates": {
        "NAS": [
            -5.587935447692871e-09,
            0.09504446387290955,
            3.725290298461914e-09
        ],
        "LPA": [
            -0.07564425468444824,
            2.9802322387695312e-08,
            1.862645149230957e-09
        ],
        "RPA": [
            0.07110465317964554,
            2.9802322387695312e-08,
            7.450580596923828e-09
        ],
        "coil1": [
            -0.07197043299674988,
            -0.039479076862335205,
            0.008130588568747044
        ],
        "coil2": [
            -0.056320447474718094,
            0.07801565527915955,
            0.06793203949928284
        ],
        "coil3": [
            0.01073517743498087,
            0.1081494688987732,
            0.06125558540225029
        ],
        "coil4": [
            0.057294052094221115,
            0.07824739813804626,
            0.0683988705277443
        ],
        "coil5": [
            0.06986980140209198,
            -0.030347496271133423,
            0.014598552137613297
        ]
    },
    "AnatomicalLandmarkCoordinateSystem": "ElektaNeuromag",
    "AnatomicalLandmarkCoordinateUnits": "m"
}
