{
    "MEGCoordinateSystem": "ElektaNeuromag",
    "MEGCoordinateUnits": "m",
    "MEGCoordinateSystemDescription": "RAS orientation and the origin between the ears",
    "HeadCoilCoordinates": {
        "NAS": [
            -3.725290298461914e-09,
            0.09779474139213562,
            7.450580596923828e-09
        ],
        "LPA": [
            -0.07404730468988419,
            2.9802322387695312e-08,
            3.725290298461914e-09
        ],
        "RPA": [
            0.0759500041604042,
            0.0,
            -3.725290298461914e-09
        ],
        "coil1": [
            -0.06776033341884613,
            -0.03051859140396118,
            0.010055143386125565
        ],
        "coil2": [
            -0.04400681331753731,
            0.10205906629562378,
            0.04636348783969879
        ],
        "coil3": [
            0.012607969343662262,
            0.1171826720237732,
            0.040797993540763855
        ],
        "coil4": [
            0.05840685963630676,
            0.09190234541893005,
            0.04479106515645981
        ],
        "coil5": [
            0.0689447820186615,
            -0.03156685829162598,
            0.011398333124816418
        ]
    },
    "HeadCoilCoordinateSystem": "ElektaNeuromag",
    "HeadCoilCoordinateUnits": "m",
    "AnatomicalLandmarkCoordinates": {
        "NAS": [
            -3.725290298461914e-09,
            0.09779474139213562,
            7.450580596923828e-09
        ],
        "LPA": [
            -0.07404730468988419,
            2.9802322387695312e-08,
            3.725290298461914e-09
        ],
        "RPA": [
            0.0759500041604042,
            0.0,
            -3.725290298461914e-09
        ],
        "coil1": [
            -0.06776033341884613,
            -0.03051859140396118,
            0.010055143386125565
        ],
        "coil2": [
            -0.04400681331753731,
            0.10205906629562378,
            0.04636348783969879
        ],
        "coil3": [
            0.012607969343662262,
            0.1171826720237732,
            0.040797993540763855
        ],
        "coil4": [
            0.05840685963630676,
            0.09190234541893005,
            0.04479106515645981
        ],
        "coil5": [
            0.0689447820186615,
            -0.03156685829162598,
            0.011398333124816418
        ]
    },
    "AnatomicalLandmarkCoordinateSystem": "ElektaNeuromag",
    "AnatomicalLandmarkCoordinateUnits": "m"
}
