{
    "MEGCoordinateSystem": "ElektaNeuromag",
    "MEGCoordinateUnits": "m",
    "MEGCoordinateSystemDescription": "RAS orientation and the origin between the ears",
    "HeadCoilCoordinates": {
        "NAS": [
            1.862645149230957e-09,
            0.08887985348701477,
            0.0
        ],
        "LPA": [
            -0.06484264135360718,
            0.0,
            -3.259629011154175e-09
        ],
        "RPA": [
            0.06723139435052872,
            0.0,
            -2.3283064365386963e-09
        ],
        "coil1": [
            -0.059284359216690063,
            -0.031574368476867676,
            0.006472622975707054
        ],
        "coil2": [
            -0.04387560486793518,
            0.08326247334480286,
            0.04904039204120636
        ],
        "coil3": [
            0.018775438889861107,
            0.10242080688476562,
            0.05973786488175392
        ],
        "coil4": [
            0.06035273149609566,
            0.07226711511611938,
            0.042531818151474
        ],
        "coil5": [
            0.06180668622255325,
            -0.031230434775352478,
            0.01355157420039177
        ]
    },
    "HeadCoilCoordinateSystem": "ElektaNeuromag",
    "HeadCoilCoordinateUnits": "m",
    "AnatomicalLandmarkCoordinates": {
        "NAS": [
            1.862645149230957e-09,
            0.08887985348701477,
            0.0
        ],
        "LPA": [
            -0.06484264135360718,
            0.0,
            -3.259629011154175e-09
        ],
        "RPA": [
            0.06723139435052872,
            0.0,
            -2.3283064365386963e-09
        ],
        "coil1": [
            -0.059284359216690063,
            -0.031574368476867676,
            0.006472622975707054
        ],
        "coil2": [
            -0.04387560486793518,
            0.08326247334480286,
            0.04904039204120636
        ],
        "coil3": [
            0.018775438889861107,
            0.10242080688476562,
            0.05973786488175392
        ],
        "coil4": [
            0.06035273149609566,
            0.07226711511611938,
            0.042531818151474
        ],
        "coil5": [
            0.06180668622255325,
            -0.031230434775352478,
            0.01355157420039177
        ]
    },
    "AnatomicalLandmarkCoordinateSystem": "ElektaNeuromag",
    "AnatomicalLandmarkCoordinateUnits": "m"
}
