{
    "MEGCoordinateSystem": "ElektaNeuromag",
    "MEGCoordinateUnits": "m",
    "MEGCoordinateSystemDescription": "RAS orientation and the origin between the ears",
    "HeadCoilCoordinates": {
        "NAS": [
            1.862645149230957e-09,
            0.10004967451095581,
            -1.862645149230957e-09
        ],
        "LPA": [
            -0.07275786250829697,
            0.0,
            2.7939677238464355e-09
        ],
        "RPA": [
            0.07282736897468567,
            0.0,
            1.862645149230957e-09
        ],
        "coil1": [
            -0.06368234753608704,
            -0.034740298986434937,
            0.001311077969148755
        ],
        "coil2": [
            -0.045484837144613266,
            0.09133893251419067,
            0.06919804960489273
        ],
        "coil3": [
            0.0037223580293357372,
            0.11530196666717529,
            0.06315752863883972
        ],
        "coil4": [
            0.059630777686834335,
            0.08076968789100647,
            0.0702291876077652
        ],
        "coil5": [
            0.06644251197576523,
            -0.027956008911132812,
            0.004092183895409107
        ]
    },
    "HeadCoilCoordinateSystem": "ElektaNeuromag",
    "HeadCoilCoordinateUnits": "m",
    "AnatomicalLandmarkCoordinates": {
        "NAS": [
            1.862645149230957e-09,
            0.10004967451095581,
            -1.862645149230957e-09
        ],
        "LPA": [
            -0.07275786250829697,
            0.0,
            2.7939677238464355e-09
        ],
        "RPA": [
            0.07282736897468567,
            0.0,
            1.862645149230957e-09
        ],
        "coil1": [
            -0.06368234753608704,
            -0.034740298986434937,
            0.001311077969148755
        ],
        "coil2": [
            -0.045484837144613266,
            0.09133893251419067,
            0.06919804960489273
        ],
        "coil3": [
            0.0037223580293357372,
            0.11530196666717529,
            0.06315752863883972
        ],
        "coil4": [
            0.059630777686834335,
            0.08076968789100647,
            0.0702291876077652
        ],
        "coil5": [
            0.06644251197576523,
            -0.027956008911132812,
            0.004092183895409107
        ]
    },
    "AnatomicalLandmarkCoordinateSystem": "ElektaNeuromag",
    "AnatomicalLandmarkCoordinateUnits": "m"
}
