{
    "MEGCoordinateSystem": "ElektaNeuromag",
    "MEGCoordinateUnits": "m",
    "MEGCoordinateSystemDescription": "RAS orientation and the origin between the ears",
    "HeadCoilCoordinates": {
        "NAS": [
            7.450580596923828e-09,
            0.10785070061683655,
            -9.313225746154785e-10
        ],
        "LPA": [
            -0.06893368810415268,
            -2.9802322387695312e-08,
            -6.05359673500061e-09
        ],
        "RPA": [
            0.07052605599164963,
            0.0,
            -8.847564458847046e-09
        ],
        "coil1": [
            -0.05882268399000168,
            -0.03330439329147339,
            0.0035522510297596455
        ],
        "coil2": [
            -0.04636085033416748,
            0.09883543848991394,
            0.06273962557315826
        ],
        "coil3": [
            0.012052744626998901,
            0.12079951167106628,
            0.06703276187181473
        ],
        "coil4": [
            0.05458284914493561,
            0.09344494342803955,
            0.0611872598528862
        ],
        "coil5": [
            0.06385335326194763,
            -0.027222754433751106,
            0.011949935927987099
        ]
    },
    "HeadCoilCoordinateSystem": "ElektaNeuromag",
    "HeadCoilCoordinateUnits": "m",
    "AnatomicalLandmarkCoordinates": {
        "NAS": [
            7.450580596923828e-09,
            0.10785070061683655,
            -9.313225746154785e-10
        ],
        "LPA": [
            -0.06893368810415268,
            -2.9802322387695312e-08,
            -6.05359673500061e-09
        ],
        "RPA": [
            0.07052605599164963,
            0.0,
            -8.847564458847046e-09
        ],
        "coil1": [
            -0.05882268399000168,
            -0.03330439329147339,
            0.0035522510297596455
        ],
        "coil2": [
            -0.04636085033416748,
            0.09883543848991394,
            0.06273962557315826
        ],
        "coil3": [
            0.012052744626998901,
            0.12079951167106628,
            0.06703276187181473
        ],
        "coil4": [
            0.05458284914493561,
            0.09344494342803955,
            0.0611872598528862
        ],
        "coil5": [
            0.06385335326194763,
            -0.027222754433751106,
            0.011949935927987099
        ]
    },
    "AnatomicalLandmarkCoordinateSystem": "ElektaNeuromag",
    "AnatomicalLandmarkCoordinateUnits": "m"
}
