{
    "MEGCoordinateSystem": "ElektaNeuromag",
    "MEGCoordinateUnits": "m",
    "MEGCoordinateSystemDescription": "RAS orientation and the origin between the ears",
    "HeadCoilCoordinates": {
        "NAS": [
            0.0,
            0.10376313328742981,
            0.0
        ],
        "LPA": [
            -0.07633042335510254,
            0.0,
            -7.450580596923828e-09
        ],
        "RPA": [
            0.07743262499570847,
            0.0,
            -1.1175870895385742e-08
        ],
        "coil1": [
            -0.07296122610569,
            -0.03257465362548828,
            0.016277918592095375
        ],
        "coil2": [
            -0.06051557511091232,
            0.07792794704437256,
            0.04705145210027695
        ],
        "coil3": [
            0.012463361024856567,
            0.11214286088943481,
            0.06348759680986404
        ],
        "coil4": [
            0.06474390625953674,
            0.07582017779350281,
            0.044181760400533676
        ],
        "coil5": [
            0.07503434270620346,
            -0.026889175176620483,
            0.022086061537265778
        ]
    },
    "HeadCoilCoordinateSystem": "ElektaNeuromag",
    "HeadCoilCoordinateUnits": "m",
    "AnatomicalLandmarkCoordinates": {
        "NAS": [
            0.0,
            0.10376313328742981,
            0.0
        ],
        "LPA": [
            -0.07633042335510254,
            0.0,
            -7.450580596923828e-09
        ],
        "RPA": [
            0.07743262499570847,
            0.0,
            -1.1175870895385742e-08
        ],
        "coil1": [
            -0.07296122610569,
            -0.03257465362548828,
            0.016277918592095375
        ],
        "coil2": [
            -0.06051557511091232,
            0.07792794704437256,
            0.04705145210027695
        ],
        "coil3": [
            0.012463361024856567,
            0.11214286088943481,
            0.06348759680986404
        ],
        "coil4": [
            0.06474390625953674,
            0.07582017779350281,
            0.044181760400533676
        ],
        "coil5": [
            0.07503434270620346,
            -0.026889175176620483,
            0.022086061537265778
        ]
    },
    "AnatomicalLandmarkCoordinateSystem": "ElektaNeuromag",
    "AnatomicalLandmarkCoordinateUnits": "m"
}
