{
    "MEGCoordinateSystem": "ElektaNeuromag",
    "MEGCoordinateUnits": "m",
    "MEGCoordinateSystemDescription": "RAS orientation and the origin between the ears",
    "HeadCoilCoordinates": {
        "NAS": [
            -9.313225746154785e-10,
            0.10782653093338013,
            0.0
        ],
        "LPA": [
            -0.07056832313537598,
            2.9802322387695312e-08,
            3.725290298461914e-09
        ],
        "RPA": [
            0.06919653713703156,
            2.9802322387695312e-08,
            0.0
        ],
        "coil1": [
            -0.07048735022544861,
            -0.03252241015434265,
            0.004106826614588499
        ],
        "coil2": [
            -0.05177043378353119,
            0.08867931365966797,
            0.06827697902917862
        ],
        "coil3": [
            0.002324559958651662,
            0.11823052167892456,
            0.06257395446300507
        ],
        "coil4": [
            0.05223434418439865,
            0.0878111720085144,
            0.0712176039814949
        ],
        "coil5": [
            0.0636817067861557,
            -0.035096675157547,
            0.0015611499547958374
        ]
    },
    "HeadCoilCoordinateSystem": "ElektaNeuromag",
    "HeadCoilCoordinateUnits": "m",
    "AnatomicalLandmarkCoordinates": {
        "NAS": [
            -9.313225746154785e-10,
            0.10782653093338013,
            0.0
        ],
        "LPA": [
            -0.07056832313537598,
            2.9802322387695312e-08,
            3.725290298461914e-09
        ],
        "RPA": [
            0.06919653713703156,
            2.9802322387695312e-08,
            0.0
        ],
        "coil1": [
            -0.07048735022544861,
            -0.03252241015434265,
            0.004106826614588499
        ],
        "coil2": [
            -0.05177043378353119,
            0.08867931365966797,
            0.06827697902917862
        ],
        "coil3": [
            0.002324559958651662,
            0.11823052167892456,
            0.06257395446300507
        ],
        "coil4": [
            0.05223434418439865,
            0.0878111720085144,
            0.0712176039814949
        ],
        "coil5": [
            0.0636817067861557,
            -0.035096675157547,
            0.0015611499547958374
        ]
    },
    "AnatomicalLandmarkCoordinateSystem": "ElektaNeuromag",
    "AnatomicalLandmarkCoordinateUnits": "m"
}
