{
    "MEGCoordinateSystem": "ElektaNeuromag",
    "MEGCoordinateUnits": "m",
    "MEGCoordinateSystemDescription": "RAS orientation and the origin between the ears",
    "HeadCoilCoordinates": {
        "NAS": [
            3.725290298461914e-09,
            0.10307681560516357,
            -7.450580596923828e-09
        ],
        "LPA": [
            -0.07417471706867218,
            5.960464477539063e-08,
            -3.725290298461914e-09
        ],
        "RPA": [
            0.07852229475975037,
            5.960464477539063e-08,
            0.0
        ],
        "coil1": [
            -0.06579321622848511,
            -0.03193730115890503,
            0.007232878357172012
        ],
        "coil2": [
            -0.051330480724573135,
            0.0954400897026062,
            0.061991505324840546
        ],
        "coil3": [
            0.00820959359407425,
            0.11795586347579956,
            0.06153631955385208
        ],
        "coil4": [
            0.05204812437295914,
            0.09651157259941101,
            0.060273051261901855
        ],
        "coil5": [
            0.06814201176166534,
            -0.029179394245147705,
            -0.0002697109885048121
        ]
    },
    "HeadCoilCoordinateSystem": "ElektaNeuromag",
    "HeadCoilCoordinateUnits": "m",
    "AnatomicalLandmarkCoordinates": {
        "NAS": [
            3.725290298461914e-09,
            0.10307681560516357,
            -7.450580596923828e-09
        ],
        "LPA": [
            -0.07417471706867218,
            5.960464477539063e-08,
            -3.725290298461914e-09
        ],
        "RPA": [
            0.07852229475975037,
            5.960464477539063e-08,
            0.0
        ],
        "coil1": [
            -0.06579321622848511,
            -0.03193730115890503,
            0.007232878357172012
        ],
        "coil2": [
            -0.051330480724573135,
            0.0954400897026062,
            0.061991505324840546
        ],
        "coil3": [
            0.00820959359407425,
            0.11795586347579956,
            0.06153631955385208
        ],
        "coil4": [
            0.05204812437295914,
            0.09651157259941101,
            0.060273051261901855
        ],
        "coil5": [
            0.06814201176166534,
            -0.029179394245147705,
            -0.0002697109885048121
        ]
    },
    "AnatomicalLandmarkCoordinateSystem": "ElektaNeuromag",
    "AnatomicalLandmarkCoordinateUnits": "m"
}
