{
    "MEGCoordinateSystem": "ElektaNeuromag",
    "MEGCoordinateUnits": "m",
    "MEGCoordinateSystemDescription": "RAS orientation and the origin between the ears",
    "HeadCoilCoordinates": {
        "NAS": [
            -7.450580596923828e-09,
            0.09831598401069641,
            0.0
        ],
        "LPA": [
            -0.06763079762458801,
            2.9802322387695312e-08,
            0.0
        ],
        "RPA": [
            0.06662702560424805,
            0.0,
            -1.862645149230957e-09
        ],
        "coil1": [
            -0.06003221124410629,
            -0.029682515189051628,
            -0.004534278064966202
        ],
        "coil2": [
            -0.049795277416706085,
            0.08938175439834595,
            0.05490659177303314
        ],
        "coil3": [
            0.011469513177871704,
            0.11186152696609497,
            0.06032691150903702
        ],
        "coil4": [
            0.05814780294895172,
            0.07910913228988647,
            0.05395551770925522
        ],
        "coil5": [
            0.06457158923149109,
            -0.027942031621932983,
            0.006441229954361916
        ]
    },
    "HeadCoilCoordinateSystem": "ElektaNeuromag",
    "HeadCoilCoordinateUnits": "m",
    "AnatomicalLandmarkCoordinates": {
        "NAS": [
            -7.450580596923828e-09,
            0.09831598401069641,
            0.0
        ],
        "LPA": [
            -0.06763079762458801,
            2.9802322387695312e-08,
            0.0
        ],
        "RPA": [
            0.06662702560424805,
            0.0,
            -1.862645149230957e-09
        ],
        "coil1": [
            -0.06003221124410629,
            -0.029682515189051628,
            -0.004534278064966202
        ],
        "coil2": [
            -0.049795277416706085,
            0.08938175439834595,
            0.05490659177303314
        ],
        "coil3": [
            0.011469513177871704,
            0.11186152696609497,
            0.06032691150903702
        ],
        "coil4": [
            0.05814780294895172,
            0.07910913228988647,
            0.05395551770925522
        ],
        "coil5": [
            0.06457158923149109,
            -0.027942031621932983,
            0.006441229954361916
        ]
    },
    "AnatomicalLandmarkCoordinateSystem": "ElektaNeuromag",
    "AnatomicalLandmarkCoordinateUnits": "m"
}
