{
    "MEGCoordinateSystem": "ElektaNeuromag",
    "MEGCoordinateUnits": "m",
    "MEGCoordinateSystemDescription": "RAS orientation and the origin between the ears",
    "HeadCoilCoordinates": {
        "NAS": [
            2.7939677238464355e-09,
            0.10259890556335449,
            -7.450580596923828e-09
        ],
        "LPA": [
            -0.07067978382110596,
            0.0,
            -7.450580596923828e-09
        ],
        "RPA": [
            0.07229598611593246,
            0.0,
            0.0
        ],
        "coil1": [
            -0.06400692462921143,
            -0.03582030534744263,
            0.0019849170930683613
        ],
        "coil2": [
            -0.06286226958036423,
            0.08289754390716553,
            0.056936319917440414
        ],
        "coil3": [
            0.016004133969545364,
            0.11663591861724854,
            0.06495615094900131
        ],
        "coil4": [
            0.06641102582216263,
            0.07967808842658997,
            0.04970581829547882
        ],
        "coil5": [
            0.06445363909006119,
            -0.027586013078689575,
            -0.005032435059547424
        ]
    },
    "HeadCoilCoordinateSystem": "ElektaNeuromag",
    "HeadCoilCoordinateUnits": "m",
    "AnatomicalLandmarkCoordinates": {
        "NAS": [
            2.7939677238464355e-09,
            0.10259890556335449,
            -7.450580596923828e-09
        ],
        "LPA": [
            -0.07067978382110596,
            0.0,
            -7.450580596923828e-09
        ],
        "RPA": [
            0.07229598611593246,
            0.0,
            0.0
        ],
        "coil1": [
            -0.06400692462921143,
            -0.03582030534744263,
            0.0019849170930683613
        ],
        "coil2": [
            -0.06286226958036423,
            0.08289754390716553,
            0.056936319917440414
        ],
        "coil3": [
            0.016004133969545364,
            0.11663591861724854,
            0.06495615094900131
        ],
        "coil4": [
            0.06641102582216263,
            0.07967808842658997,
            0.04970581829547882
        ],
        "coil5": [
            0.06445363909006119,
            -0.027586013078689575,
            -0.005032435059547424
        ]
    },
    "AnatomicalLandmarkCoordinateSystem": "ElektaNeuromag",
    "AnatomicalLandmarkCoordinateUnits": "m"
}
