{
    "MEGCoordinateSystem": "ElektaNeuromag",
    "MEGCoordinateUnits": "m",
    "MEGCoordinateSystemDescription": "RAS orientation and the origin between the ears",
    "HeadCoilCoordinates": {
        "NAS": [
            0.0,
            0.08950212597846985,
            0.0
        ],
        "LPA": [
            -0.0648835152387619,
            2.9802322387695312e-08,
            3.725290298461914e-09
        ],
        "RPA": [
            0.06942949444055557,
            2.9802322387695312e-08,
            2.7939677238464355e-09
        ],
        "coil1": [
            -0.06107509136199951,
            -0.024342447519302368,
            0.009560314007103443
        ],
        "coil2": [
            -0.05671839416027069,
            0.07288232445716858,
            0.057292841374874115
        ],
        "coil3": [
            -0.004978072363883257,
            0.10294172167778015,
            0.04716835170984268
        ],
        "coil4": [
            0.05403734743595123,
            0.07886233180761337,
            0.059855662286281586
        ],
        "coil5": [
            0.06481599062681198,
            -0.028758227825164795,
            0.007849995978176594
        ]
    },
    "HeadCoilCoordinateSystem": "ElektaNeuromag",
    "HeadCoilCoordinateUnits": "m",
    "AnatomicalLandmarkCoordinates": {
        "NAS": [
            0.0,
            0.08950212597846985,
            0.0
        ],
        "LPA": [
            -0.0648835152387619,
            2.9802322387695312e-08,
            3.725290298461914e-09
        ],
        "RPA": [
            0.06942949444055557,
            2.9802322387695312e-08,
            2.7939677238464355e-09
        ],
        "coil1": [
            -0.06107509136199951,
            -0.024342447519302368,
            0.009560314007103443
        ],
        "coil2": [
            -0.05671839416027069,
            0.07288232445716858,
            0.057292841374874115
        ],
        "coil3": [
            -0.004978072363883257,
            0.10294172167778015,
            0.04716835170984268
        ],
        "coil4": [
            0.05403734743595123,
            0.07886233180761337,
            0.059855662286281586
        ],
        "coil5": [
            0.06481599062681198,
            -0.028758227825164795,
            0.007849995978176594
        ]
    },
    "AnatomicalLandmarkCoordinateSystem": "ElektaNeuromag",
    "AnatomicalLandmarkCoordinateUnits": "m"
}
