{
    "MEGCoordinateSystem": "ElektaNeuromag",
    "MEGCoordinateUnits": "m",
    "MEGCoordinateSystemDescription": "RAS orientation and the origin between the ears",
    "HeadCoilCoordinates": {
        "NAS": [
            1.862645149230957e-09,
            0.09728655219078064,
            -1.862645149230957e-09
        ],
        "LPA": [
            -0.0714556872844696,
            2.9802322387695312e-08,
            -7.450580596923828e-09
        ],
        "RPA": [
            0.07374250888824463,
            2.9802322387695312e-08,
            -3.725290298461914e-09
        ],
        "coil1": [
            -0.06480914354324341,
            -0.03246019780635834,
            0.003468420123681426
        ],
        "coil2": [
            -0.05017434060573578,
            0.07762500643730164,
            0.07273798435926437
        ],
        "coil3": [
            0.01188617292791605,
            0.10472366213798523,
            0.06637948751449585
        ],
        "coil4": [
            0.05794673040509224,
            0.07538315653800964,
            0.07108180224895477
        ],
        "coil5": [
            0.06940343976020813,
            -0.031068919226527214,
            0.009060272946953773
        ]
    },
    "HeadCoilCoordinateSystem": "ElektaNeuromag",
    "HeadCoilCoordinateUnits": "m",
    "AnatomicalLandmarkCoordinates": {
        "NAS": [
            1.862645149230957e-09,
            0.09728655219078064,
            -1.862645149230957e-09
        ],
        "LPA": [
            -0.0714556872844696,
            2.9802322387695312e-08,
            -7.450580596923828e-09
        ],
        "RPA": [
            0.07374250888824463,
            2.9802322387695312e-08,
            -3.725290298461914e-09
        ],
        "coil1": [
            -0.06480914354324341,
            -0.03246019780635834,
            0.003468420123681426
        ],
        "coil2": [
            -0.05017434060573578,
            0.07762500643730164,
            0.07273798435926437
        ],
        "coil3": [
            0.01188617292791605,
            0.10472366213798523,
            0.06637948751449585
        ],
        "coil4": [
            0.05794673040509224,
            0.07538315653800964,
            0.07108180224895477
        ],
        "coil5": [
            0.06940343976020813,
            -0.031068919226527214,
            0.009060272946953773
        ]
    },
    "AnatomicalLandmarkCoordinateSystem": "ElektaNeuromag",
    "AnatomicalLandmarkCoordinateUnits": "m"
}
