{
    "MEGCoordinateSystem": "ElektaNeuromag",
    "MEGCoordinateUnits": "m",
    "MEGCoordinateSystemDescription": "RAS orientation and the origin between the ears",
    "HeadCoilCoordinates": {
        "NAS": [
            -7.450580596923828e-09,
            0.11028397083282471,
            0.0
        ],
        "LPA": [
            -0.07813678681850433,
            2.9802322387695312e-08,
            1.862645149230957e-09
        ],
        "RPA": [
            0.07639347016811371,
            -2.9802322387695312e-08,
            4.190951585769653e-09
        ],
        "coil1": [
            -0.07073675096035004,
            -0.03314173221588135,
            0.010345883667469025
        ],
        "coil2": [
            -0.05329817533493042,
            0.10400968790054321,
            0.05867322161793709
        ],
        "coil3": [
            0.012388795614242554,
            0.12549838423728943,
            0.05985265225172043
        ],
        "coil4": [
            0.06040865182876587,
            0.0978202223777771,
            0.05738270282745361
        ],
        "coil5": [
            0.06956535577774048,
            -0.03499513864517212,
            0.004503204952925444
        ]
    },
    "HeadCoilCoordinateSystem": "ElektaNeuromag",
    "HeadCoilCoordinateUnits": "m",
    "AnatomicalLandmarkCoordinates": {
        "NAS": [
            -7.450580596923828e-09,
            0.11028397083282471,
            0.0
        ],
        "LPA": [
            -0.07813678681850433,
            2.9802322387695312e-08,
            1.862645149230957e-09
        ],
        "RPA": [
            0.07639347016811371,
            -2.9802322387695312e-08,
            4.190951585769653e-09
        ],
        "coil1": [
            -0.07073675096035004,
            -0.03314173221588135,
            0.010345883667469025
        ],
        "coil2": [
            -0.05329817533493042,
            0.10400968790054321,
            0.05867322161793709
        ],
        "coil3": [
            0.012388795614242554,
            0.12549838423728943,
            0.05985265225172043
        ],
        "coil4": [
            0.06040865182876587,
            0.0978202223777771,
            0.05738270282745361
        ],
        "coil5": [
            0.06956535577774048,
            -0.03499513864517212,
            0.004503204952925444
        ]
    },
    "AnatomicalLandmarkCoordinateSystem": "ElektaNeuromag",
    "AnatomicalLandmarkCoordinateUnits": "m"
}
