{
    "MEGCoordinateSystem": "ElektaNeuromag",
    "MEGCoordinateUnits": "m",
    "MEGCoordinateSystemDescription": "RAS orientation and the origin between the ears",
    "HeadCoilCoordinates": {
        "NAS": [
            -2.7939677238464355e-09,
            0.1004127562046051,
            -9.080395102500916e-09
        ],
        "LPA": [
            -0.06815535575151443,
            0.0,
            -7.450580596923828e-09
        ],
        "RPA": [
            0.06724913418292999,
            0.0,
            -7.916241884231567e-09
        ],
        "coil1": [
            -0.06469953060150146,
            -0.029603242874145508,
            0.0067839669063687325
        ],
        "coil2": [
            -0.05205453559756279,
            0.08736655116081238,
            0.05891723185777664
        ],
        "coil3": [
            0.01073342002928257,
            0.1141914427280426,
            0.06715171039104462
        ],
        "coil4": [
            0.056875795125961304,
            0.08594372868537903,
            0.05811937898397446
        ],
        "coil5": [
            0.06407512724399567,
            -0.025988399982452393,
            0.004207409918308258
        ]
    },
    "HeadCoilCoordinateSystem": "ElektaNeuromag",
    "HeadCoilCoordinateUnits": "m",
    "AnatomicalLandmarkCoordinates": {
        "NAS": [
            -2.7939677238464355e-09,
            0.1004127562046051,
            -9.080395102500916e-09
        ],
        "LPA": [
            -0.06815535575151443,
            0.0,
            -7.450580596923828e-09
        ],
        "RPA": [
            0.06724913418292999,
            0.0,
            -7.916241884231567e-09
        ],
        "coil1": [
            -0.06469953060150146,
            -0.029603242874145508,
            0.0067839669063687325
        ],
        "coil2": [
            -0.05205453559756279,
            0.08736655116081238,
            0.05891723185777664
        ],
        "coil3": [
            0.01073342002928257,
            0.1141914427280426,
            0.06715171039104462
        ],
        "coil4": [
            0.056875795125961304,
            0.08594372868537903,
            0.05811937898397446
        ],
        "coil5": [
            0.06407512724399567,
            -0.025988399982452393,
            0.004207409918308258
        ]
    },
    "AnatomicalLandmarkCoordinateSystem": "ElektaNeuromag",
    "AnatomicalLandmarkCoordinateUnits": "m"
}
