{
    "MEGCoordinateSystem": "ElektaNeuromag",
    "MEGCoordinateUnits": "m",
    "MEGCoordinateSystemDescription": "RAS orientation and the origin between the ears",
    "HeadCoilCoordinates": {
        "NAS": [
            0.0,
            0.1049666702747345,
            1.862645149230957e-09
        ],
        "LPA": [
            -0.07063094526529312,
            2.9802322387695312e-08,
            3.725290298461914e-09
        ],
        "RPA": [
            0.07107751071453094,
            0.0,
            1.862645149230957e-09
        ],
        "coil1": [
            -0.060125693678855896,
            -0.03262275457382202,
            -0.0057596489787101746
        ],
        "coil2": [
            -0.05065632611513138,
            0.09909167885780334,
            0.04983845353126526
        ],
        "coil3": [
            0.002031613141298294,
            0.12178495526313782,
            0.0468076691031456
        ],
        "coil4": [
            0.05362953990697861,
            0.09848766028881073,
            0.055538028478622437
        ],
        "coil5": [
            0.0630585253238678,
            -0.028140917420387268,
            -0.0045776027254760265
        ]
    },
    "HeadCoilCoordinateSystem": "ElektaNeuromag",
    "HeadCoilCoordinateUnits": "m",
    "AnatomicalLandmarkCoordinates": {
        "NAS": [
            0.0,
            0.1049666702747345,
            1.862645149230957e-09
        ],
        "LPA": [
            -0.07063094526529312,
            2.9802322387695312e-08,
            3.725290298461914e-09
        ],
        "RPA": [
            0.07107751071453094,
            0.0,
            1.862645149230957e-09
        ],
        "coil1": [
            -0.060125693678855896,
            -0.03262275457382202,
            -0.0057596489787101746
        ],
        "coil2": [
            -0.05065632611513138,
            0.09909167885780334,
            0.04983845353126526
        ],
        "coil3": [
            0.002031613141298294,
            0.12178495526313782,
            0.0468076691031456
        ],
        "coil4": [
            0.05362953990697861,
            0.09848766028881073,
            0.055538028478622437
        ],
        "coil5": [
            0.0630585253238678,
            -0.028140917420387268,
            -0.0045776027254760265
        ]
    },
    "AnatomicalLandmarkCoordinateSystem": "ElektaNeuromag",
    "AnatomicalLandmarkCoordinateUnits": "m"
}
