{
    "MEGCoordinateSystem": "ElektaNeuromag",
    "MEGCoordinateUnits": "m",
    "MEGCoordinateSystemDescription": "RAS orientation and the origin between the ears",
    "HeadCoilCoordinates": {
        "NAS": [
            1.7462298274040222e-09,
            0.1020779013633728,
            1.862645149230957e-09
        ],
        "LPA": [
            -0.07036550343036652,
            0.0,
            1.862645149230957e-09
        ],
        "RPA": [
            0.07066726684570312,
            -5.960464477539063e-08,
            5.587935447692871e-09
        ],
        "coil1": [
            -0.05924014002084732,
            -0.03136610984802246,
            -0.008754802867770195
        ],
        "coil2": [
            -0.05309935286641121,
            0.08885401487350464,
            0.05487668886780739
        ],
        "coil3": [
            0.011396015994250774,
            0.11309033632278442,
            0.05643019080162048
        ],
        "coil4": [
            0.060786616057157516,
            0.08159485459327698,
            0.057120949029922485
        ],
        "coil5": [
            0.06350652128458023,
            -0.025617778301239014,
            -0.008444704115390778
        ]
    },
    "HeadCoilCoordinateSystem": "ElektaNeuromag",
    "HeadCoilCoordinateUnits": "m",
    "AnatomicalLandmarkCoordinates": {
        "NAS": [
            1.7462298274040222e-09,
            0.1020779013633728,
            1.862645149230957e-09
        ],
        "LPA": [
            -0.07036550343036652,
            0.0,
            1.862645149230957e-09
        ],
        "RPA": [
            0.07066726684570312,
            -5.960464477539063e-08,
            5.587935447692871e-09
        ],
        "coil1": [
            -0.05924014002084732,
            -0.03136610984802246,
            -0.008754802867770195
        ],
        "coil2": [
            -0.05309935286641121,
            0.08885401487350464,
            0.05487668886780739
        ],
        "coil3": [
            0.011396015994250774,
            0.11309033632278442,
            0.05643019080162048
        ],
        "coil4": [
            0.060786616057157516,
            0.08159485459327698,
            0.057120949029922485
        ],
        "coil5": [
            0.06350652128458023,
            -0.025617778301239014,
            -0.008444704115390778
        ]
    },
    "AnatomicalLandmarkCoordinateSystem": "ElektaNeuromag",
    "AnatomicalLandmarkCoordinateUnits": "m"
}
