{
    "MEGCoordinateSystem": "ElektaNeuromag",
    "MEGCoordinateUnits": "m",
    "MEGCoordinateSystemDescription": "RAS orientation and the origin between the ears",
    "HeadCoilCoordinates": {
        "NAS": [
            -3.725290298461914e-09,
            0.0986589789390564,
            -3.725290298461914e-09
        ],
        "LPA": [
            -0.07294736802577972,
            2.9802322387695312e-08,
            -1.1175870895385742e-08
        ],
        "RPA": [
            0.072559654712677,
            0.0,
            1.862645149230957e-09
        ],
        "coil1": [
            -0.07254137098789215,
            -0.036544088274240494,
            0.018515674397349358
        ],
        "coil2": [
            -0.058073412626981735,
            0.08239847421646118,
            0.05742686986923218
        ],
        "coil3": [
            0.003052711021155119,
            0.11237114667892456,
            0.05403480678796768
        ],
        "coil4": [
            0.05943872034549713,
            0.08253347873687744,
            0.05421272665262222
        ],
        "coil5": [
            0.07414191961288452,
            -0.031122416257858276,
            0.019073963165283203
        ]
    },
    "HeadCoilCoordinateSystem": "ElektaNeuromag",
    "HeadCoilCoordinateUnits": "m",
    "AnatomicalLandmarkCoordinates": {
        "NAS": [
            -3.725290298461914e-09,
            0.0986589789390564,
            -3.725290298461914e-09
        ],
        "LPA": [
            -0.07294736802577972,
            2.9802322387695312e-08,
            -1.1175870895385742e-08
        ],
        "RPA": [
            0.072559654712677,
            0.0,
            1.862645149230957e-09
        ],
        "coil1": [
            -0.07254137098789215,
            -0.036544088274240494,
            0.018515674397349358
        ],
        "coil2": [
            -0.058073412626981735,
            0.08239847421646118,
            0.05742686986923218
        ],
        "coil3": [
            0.003052711021155119,
            0.11237114667892456,
            0.05403480678796768
        ],
        "coil4": [
            0.05943872034549713,
            0.08253347873687744,
            0.05421272665262222
        ],
        "coil5": [
            0.07414191961288452,
            -0.031122416257858276,
            0.019073963165283203
        ]
    },
    "AnatomicalLandmarkCoordinateSystem": "ElektaNeuromag",
    "AnatomicalLandmarkCoordinateUnits": "m"
}
