{
    "MEGCoordinateSystem": "ElektaNeuromag",
    "MEGCoordinateUnits": "m",
    "MEGCoordinateSystemDescription": "RAS orientation and the origin between the ears",
    "HeadCoilCoordinates": {
        "NAS": [
            -3.725290298461914e-09,
            0.10085168480873108,
            7.450580596923828e-09
        ],
        "LPA": [
            -0.07826489955186844,
            2.9802322387695312e-08,
            1.6763806343078613e-08
        ],
        "RPA": [
            0.07850153744220734,
            5.960464477539063e-08,
            9.313225746154785e-09
        ],
        "coil1": [
            -0.06276189535856247,
            -0.03453904390335083,
            -0.010862739756703377
        ],
        "coil2": [
            -0.05044357851147652,
            0.0925963819026947,
            0.04766550660133362
        ],
        "coil3": [
            0.006662445142865181,
            0.11350041627883911,
            0.052752550691366196
        ],
        "coil4": [
            0.06096925958991051,
            0.08228945732116699,
            0.045642200857400894
        ],
        "coil5": [
            0.06735148280858994,
            -0.03214117884635925,
            0.006352995987981558
        ]
    },
    "HeadCoilCoordinateSystem": "ElektaNeuromag",
    "HeadCoilCoordinateUnits": "m",
    "AnatomicalLandmarkCoordinates": {
        "NAS": [
            -3.725290298461914e-09,
            0.10085168480873108,
            7.450580596923828e-09
        ],
        "LPA": [
            -0.07826489955186844,
            2.9802322387695312e-08,
            1.6763806343078613e-08
        ],
        "RPA": [
            0.07850153744220734,
            5.960464477539063e-08,
            9.313225746154785e-09
        ],
        "coil1": [
            -0.06276189535856247,
            -0.03453904390335083,
            -0.010862739756703377
        ],
        "coil2": [
            -0.05044357851147652,
            0.0925963819026947,
            0.04766550660133362
        ],
        "coil3": [
            0.006662445142865181,
            0.11350041627883911,
            0.052752550691366196
        ],
        "coil4": [
            0.06096925958991051,
            0.08228945732116699,
            0.045642200857400894
        ],
        "coil5": [
            0.06735148280858994,
            -0.03214117884635925,
            0.006352995987981558
        ]
    },
    "AnatomicalLandmarkCoordinateSystem": "ElektaNeuromag",
    "AnatomicalLandmarkCoordinateUnits": "m"
}
