{
    "MEGCoordinateSystem": "ElektaNeuromag",
    "MEGCoordinateUnits": "m",
    "MEGCoordinateSystemDescription": "RAS orientation and the origin between the ears",
    "HeadCoilCoordinates": {
        "NAS": [
            0.0,
            0.10430088639259338,
            7.450580596923828e-09
        ],
        "LPA": [
            -0.07190041244029999,
            0.0,
            3.725290298461914e-09
        ],
        "RPA": [
            0.07461097091436386,
            -2.9802322387695312e-08,
            3.725290298461914e-09
        ],
        "coil1": [
            -0.06339272856712341,
            -0.028939813375473022,
            0.00036569300573319197
        ],
        "coil2": [
            -0.04905788600444794,
            0.10231226682662964,
            0.06081639230251312
        ],
        "coil3": [
            0.013135098852217197,
            0.1207602322101593,
            0.06589987128973007
        ],
        "coil4": [
            0.06224926933646202,
            0.09471645951271057,
            0.061939917504787445
        ],
        "coil5": [
            0.06924296915531158,
            -0.02434503845870495,
            0.013960883021354675
        ]
    },
    "HeadCoilCoordinateSystem": "ElektaNeuromag",
    "HeadCoilCoordinateUnits": "m",
    "AnatomicalLandmarkCoordinates": {
        "NAS": [
            0.0,
            0.10430088639259338,
            7.450580596923828e-09
        ],
        "LPA": [
            -0.07190041244029999,
            0.0,
            3.725290298461914e-09
        ],
        "RPA": [
            0.07461097091436386,
            -2.9802322387695312e-08,
            3.725290298461914e-09
        ],
        "coil1": [
            -0.06339272856712341,
            -0.028939813375473022,
            0.00036569300573319197
        ],
        "coil2": [
            -0.04905788600444794,
            0.10231226682662964,
            0.06081639230251312
        ],
        "coil3": [
            0.013135098852217197,
            0.1207602322101593,
            0.06589987128973007
        ],
        "coil4": [
            0.06224926933646202,
            0.09471645951271057,
            0.061939917504787445
        ],
        "coil5": [
            0.06924296915531158,
            -0.02434503845870495,
            0.013960883021354675
        ]
    },
    "AnatomicalLandmarkCoordinateSystem": "ElektaNeuromag",
    "AnatomicalLandmarkCoordinateUnits": "m"
}
