{
    "MEGCoordinateSystem": "ElektaNeuromag",
    "MEGCoordinateUnits": "m",
    "MEGCoordinateSystemDescription": "RAS orientation and the origin between the ears",
    "HeadCoilCoordinates": {
        "NAS": [
            1.280568540096283e-09,
            0.08849552273750305,
            -3.725290298461914e-09
        ],
        "LPA": [
            -0.0686272457242012,
            0.0,
            -7.450580596923828e-09
        ],
        "RPA": [
            0.06787677854299545,
            -2.9802322387695312e-08,
            -7.450580596923828e-09
        ],
        "coil1": [
            -0.06437774002552032,
            -0.027303948998451233,
            0.0037444077897816896
        ],
        "coil2": [
            -0.04917813464999199,
            0.0825817883014679,
            0.05374107509851456
        ],
        "coil3": [
            0.007218634244054556,
            0.09916403889656067,
            0.06602714955806732
        ],
        "coil4": [
            0.05695940926671028,
            0.07532738894224167,
            0.05620661750435829
        ],
        "coil5": [
            0.057763371616601944,
            -0.0297686904668808,
            -0.0037084301002323627
        ]
    },
    "HeadCoilCoordinateSystem": "ElektaNeuromag",
    "HeadCoilCoordinateUnits": "m",
    "AnatomicalLandmarkCoordinates": {
        "NAS": [
            1.280568540096283e-09,
            0.08849552273750305,
            -3.725290298461914e-09
        ],
        "LPA": [
            -0.0686272457242012,
            0.0,
            -7.450580596923828e-09
        ],
        "RPA": [
            0.06787677854299545,
            -2.9802322387695312e-08,
            -7.450580596923828e-09
        ],
        "coil1": [
            -0.06437774002552032,
            -0.027303948998451233,
            0.0037444077897816896
        ],
        "coil2": [
            -0.04917813464999199,
            0.0825817883014679,
            0.05374107509851456
        ],
        "coil3": [
            0.007218634244054556,
            0.09916403889656067,
            0.06602714955806732
        ],
        "coil4": [
            0.05695940926671028,
            0.07532738894224167,
            0.05620661750435829
        ],
        "coil5": [
            0.057763371616601944,
            -0.0297686904668808,
            -0.0037084301002323627
        ]
    },
    "AnatomicalLandmarkCoordinateSystem": "ElektaNeuromag",
    "AnatomicalLandmarkCoordinateUnits": "m"
}
