{
    "MEGCoordinateSystem": "ElektaNeuromag",
    "MEGCoordinateUnits": "m",
    "MEGCoordinateSystemDescription": "RAS orientation and the origin between the ears",
    "HeadCoilCoordinates": {
        "NAS": [
            -7.450580596923828e-09,
            0.09768757224082947,
            -4.6566128730773926e-09
        ],
        "LPA": [
            -0.07045938074588776,
            0.0,
            -4.190951585769653e-09
        ],
        "RPA": [
            0.06990045309066772,
            0.0,
            -4.656612873077393e-10
        ],
        "coil1": [
            -0.05524487793445587,
            -0.033527523279190063,
            0.00022053299471735954
        ],
        "coil2": [
            -0.043717943131923676,
            0.09617018699645996,
            0.043890878558158875
        ],
        "coil3": [
            0.011947037652134895,
            0.114564448595047,
            0.04927784204483032
        ],
        "coil4": [
            0.057410210371017456,
            0.07898780703544617,
            0.03977222368121147
        ],
        "coil5": [
            0.0613270103931427,
            -0.02662697434425354,
            0.005685009993612766
        ]
    },
    "HeadCoilCoordinateSystem": "ElektaNeuromag",
    "HeadCoilCoordinateUnits": "m",
    "AnatomicalLandmarkCoordinates": {
        "NAS": [
            -7.450580596923828e-09,
            0.09768757224082947,
            -4.6566128730773926e-09
        ],
        "LPA": [
            -0.07045938074588776,
            0.0,
            -4.190951585769653e-09
        ],
        "RPA": [
            0.06990045309066772,
            0.0,
            -4.656612873077393e-10
        ],
        "coil1": [
            -0.05524487793445587,
            -0.033527523279190063,
            0.00022053299471735954
        ],
        "coil2": [
            -0.043717943131923676,
            0.09617018699645996,
            0.043890878558158875
        ],
        "coil3": [
            0.011947037652134895,
            0.114564448595047,
            0.04927784204483032
        ],
        "coil4": [
            0.057410210371017456,
            0.07898780703544617,
            0.03977222368121147
        ],
        "coil5": [
            0.0613270103931427,
            -0.02662697434425354,
            0.005685009993612766
        ]
    },
    "AnatomicalLandmarkCoordinateSystem": "ElektaNeuromag",
    "AnatomicalLandmarkCoordinateUnits": "m"
}
