{
    "MEGCoordinateSystem": "ElektaNeuromag",
    "MEGCoordinateUnits": "m",
    "MEGCoordinateSystemDescription": "RAS orientation and the origin between the ears",
    "HeadCoilCoordinates": {
        "NAS": [
            1.3969838619232178e-09,
            0.0919802188873291,
            9.313225746154785e-09
        ],
        "LPA": [
            -0.0705072283744812,
            -2.9802322387695312e-08,
            1.0710209608078003e-08
        ],
        "RPA": [
            0.06765452772378922,
            -2.9802322387695312e-08,
            8.381903171539307e-09
        ],
        "coil1": [
            -0.06012483313679695,
            -0.030896948650479317,
            0.0009883280145004392
        ],
        "coil2": [
            -0.04762909188866615,
            0.08898517489433289,
            0.05532952398061752
        ],
        "coil3": [
            0.00353249697946012,
            0.10856086015701294,
            0.052238721400499344
        ],
        "coil4": [
            0.055240415036678314,
            0.07995504140853882,
            0.05999452620744705
        ],
        "coil5": [
            0.06550619006156921,
            -0.025421038269996643,
            0.010948605835437775
        ]
    },
    "HeadCoilCoordinateSystem": "ElektaNeuromag",
    "HeadCoilCoordinateUnits": "m",
    "AnatomicalLandmarkCoordinates": {
        "NAS": [
            1.3969838619232178e-09,
            0.0919802188873291,
            9.313225746154785e-09
        ],
        "LPA": [
            -0.0705072283744812,
            -2.9802322387695312e-08,
            1.0710209608078003e-08
        ],
        "RPA": [
            0.06765452772378922,
            -2.9802322387695312e-08,
            8.381903171539307e-09
        ],
        "coil1": [
            -0.06012483313679695,
            -0.030896948650479317,
            0.0009883280145004392
        ],
        "coil2": [
            -0.04762909188866615,
            0.08898517489433289,
            0.05532952398061752
        ],
        "coil3": [
            0.00353249697946012,
            0.10856086015701294,
            0.052238721400499344
        ],
        "coil4": [
            0.055240415036678314,
            0.07995504140853882,
            0.05999452620744705
        ],
        "coil5": [
            0.06550619006156921,
            -0.025421038269996643,
            0.010948605835437775
        ]
    },
    "AnatomicalLandmarkCoordinateSystem": "ElektaNeuromag",
    "AnatomicalLandmarkCoordinateUnits": "m"
}
