{
    "MEGCoordinateSystem": "ElektaNeuromag",
    "MEGCoordinateUnits": "m",
    "MEGCoordinateSystemDescription": "RAS orientation and the origin between the ears",
    "HeadCoilCoordinates": {
        "NAS": [
            -2.7939677238464355e-09,
            0.09582284092903137,
            -3.725290298461914e-09
        ],
        "LPA": [
            -0.06267627328634262,
            0.0,
            0.0
        ],
        "RPA": [
            0.06798791140317917,
            0.0,
            0.0
        ],
        "coil1": [
            -0.05560323968529701,
            -0.026625528931617737,
            -0.0029965119902044535
        ],
        "coil2": [
            -0.0468301996588707,
            0.09361615777015686,
            0.047370363026857376
        ],
        "coil3": [
            0.010671713389456272,
            0.1161833107471466,
            0.051560916006565094
        ],
        "coil4": [
            0.056940801441669464,
            0.08747455477714539,
            0.04331064969301224
        ],
        "coil5": [
            0.06498382240533829,
            -0.023549765348434448,
            0.008906889706850052
        ]
    },
    "HeadCoilCoordinateSystem": "ElektaNeuromag",
    "HeadCoilCoordinateUnits": "m",
    "AnatomicalLandmarkCoordinates": {
        "NAS": [
            -2.7939677238464355e-09,
            0.09582284092903137,
            -3.725290298461914e-09
        ],
        "LPA": [
            -0.06267627328634262,
            0.0,
            0.0
        ],
        "RPA": [
            0.06798791140317917,
            0.0,
            0.0
        ],
        "coil1": [
            -0.05560323968529701,
            -0.026625528931617737,
            -0.0029965119902044535
        ],
        "coil2": [
            -0.0468301996588707,
            0.09361615777015686,
            0.047370363026857376
        ],
        "coil3": [
            0.010671713389456272,
            0.1161833107471466,
            0.051560916006565094
        ],
        "coil4": [
            0.056940801441669464,
            0.08747455477714539,
            0.04331064969301224
        ],
        "coil5": [
            0.06498382240533829,
            -0.023549765348434448,
            0.008906889706850052
        ]
    },
    "AnatomicalLandmarkCoordinateSystem": "ElektaNeuromag",
    "AnatomicalLandmarkCoordinateUnits": "m"
}
